Player,Team,Position,Pitcher,League,Division,Yankees,Playoff Team 2011,World Series Team 2011,Salary
A.J. Burnett,New York Yankees,Pitcher,Yes,American,American East,Yes,Yes,No,16500000
A.J. Ellis,Los Angeles Dodgers,Catcher,No,National,National West,No,No,No,421000
A.J. Pierzynski,Chicago White Sox,Catcher,No,American,American Central,No,No,No,2000000
Aaron Cook,Colorado Rockies,Pitcher,Yes,National,National West,No,No,No,9875000
Aaron Crow,Kansas City Royals,Pitcher,Yes,American,American Central,No,No,No,1400000
Aaron Harang,San Diego Padres,Pitcher,Yes,National,National West,No,No,No,3500000
Aaron Heilman,Arizona Diamondbacks,Pitcher,Yes,National,National West,No,Yes,No,2000000
Aaron Hill,Toronto Blue Jays,Second Baseman,No,American,American East,No,No,No,5000000
Aaron Laffey,Seattle Mariners,Pitcher,Yes,American,American West,No,No,No,431600
Aaron Miles,Los Angeles Dodgers,Second Baseman,No,National,National West,No,No,No,500000
Aaron Rowand,San Francisco Giants,Outfielder,No,National,National West,No,No,No,13600000
Adam Dunn,Chicago White Sox,Designated Hitter,No,American,American Central,No,No,No,12000000
Adam Everett,Cleveland Indians,Shortstop,No,American,American Central,No,No,No,700000
Adam Jones,Baltimore Orioles,Outfielder,No,American,American East,No,No,No,3250000
Adam Kennedy,Seattle Mariners,Second Baseman,No,American,American West,No,No,No,750000
Adam LaRoche,Washington Nationals,First Baseman,No,National,National East,No,No,No,7000000
Adam Lind,Toronto Blue Jays,First Baseman,No,American,American East,No,No,No,5150000
Adam Moore,Seattle Mariners,Catcher,No,American,American West,No,No,No,417500
Adam Rosales,Oakland Athletics,Second Baseman,No,American,American West,No,No,No,425000
Adam Russell,Tampa Bay Rays,Pitcher,Yes,American,American East,No,Yes,No,420800
Adam Wainwright,St. Louis Cardinals,Pitcher,Yes,National,National Central,No,Yes,Yes,6687500
Adrian Beltre,Texas Rangers,Third Baseman,No,American,American West,No,Yes,Yes,14000000
Adrian Gonzalez,Boston Red Sox,First Baseman,No,American,American East,No,No,No,6300000
Albert Pujols,St. Louis Cardinals,First Baseman,No,National,National Central,No,Yes,Yes,14508395
Alberto Arias,Houston Astros,Pitcher,Yes,National,National Central,No,No,No,439500
Alberto Callaspo,Los Angeles Angels,First Baseman,No,American,American West,No,No,No,2000000
Alberto Gonzalez,San Diego Padres,Shortstop,No,National,National West,No,No,No,600000
Alcides Escobar,Kansas City Royals,Shortstop,No,American,American Central,No,No,No,428000
Alex Avila,Detroit Tigers,Catcher,No,American,American Central,No,Yes,No,425000
Alex Cora,Washington Nationals,Second Baseman,No,National,National East,No,No,No,900000
Alex Gonzalez,Atlanta Braves,Shortstop,No,National,National East,No,No,No,2500000
Alex Gordon,Kansas City Royals,Outfielder,No,American,American Central,No,No,No,1400000
Alex Rios,Chicago White Sox,Outfielder,No,American,American Central,No,No,No,12500000
Alex Rodriguez,New York Yankees,Third Baseman,No,American,American East,Yes,Yes,No,32000000
Alexei Ramirez,Chicago White Sox,Shortstop,No,American,American Central,No,No,No,2750000
Alexi Casilla,Minnesota Twins,Shortstop,No,American,American Central,No,No,No,865000
Alexi Ogando,Texas Rangers,Pitcher,Yes,American,American West,No,Yes,Yes,430150
Alfonso Soriano,Chicago Cubs,Outfielder,No,National,National Central,No,No,No,19000000
Allen Craig,St. Louis Cardinals,Outfielder,No,National,National Central,No,Yes,Yes,414000
Andre Ethier,Los Angeles Dodgers,Outfielder,No,National,National West,No,No,No,9500000
Andres Blanco,Texas Rangers,Second Baseman,No,American,American West,No,Yes,Yes,520000
Andres Torres,San Francisco Giants,Outfielder,No,National,National West,No,No,No,2200000
Andrew Bailey,Oakland Athletics,Pitcher,Yes,American,American West,No,No,No,465000
Andrew Cashner,Chicago Cubs,Pitcher,Yes,National,National Central,No,No,No,427500
Andrew McCutchen,Pittsburgh Pirates,Outfielder,No,National,National Central,No,No,No,452500
Andruw Jones,New York Yankees,Outfielder,No,American,American East,Yes,Yes,No,1500000
Andy LaRoche,Oakland Athletics,Third Baseman,No,American,American West,No,No,No,600000
Andy Sonnanstine,Tampa Bay Rays,Pitcher,Yes,American,American East,No,Yes,No,912500
Aneury Rodriguez,Houston Astros,Pitcher,Yes,National,National Central,No,No,No,414000
Angel Pagan,New York Mets,Outfielder,No,National,National East,No,No,No,3500000
Angel Sanchez,Houston Astros,Shortstop,No,National,National Central,No,No,No,432500
Anibal Sanchez,Miami Marlins,Pitcher,Yes,National,National East,No,No,No,3700000
Antonio Bastardo,Philadelphia Phillies,Pitcher,Yes,National,National East,No,Yes,No,419000
Aramis Ramirez,Chicago Cubs,Third Baseman,No,National,National Central,No,No,No,14600000
Armando Galarraga,Arizona Diamondbacks,Pitcher,Yes,National,National West,No,Yes,No,2300000
Aroldis Chapman,Cincinnati Reds,Pitcher,Yes,National,National Central,No,No,No,3835772
Arthur Rhodes,Texas Rangers,Pitcher,Yes,American,American West,No,Yes,Yes,3900000
Asdrubal Cabrera,Cleveland Indians,Shortstop,No,American,American Central,No,No,No,2025000
Aubrey Huff,San Francisco Giants,First Baseman,No,National,National West,No,No,No,10000000
Austin Jackson,Detroit Tigers,Outfielder,No,American,American Central,No,Yes,No,440000
Austin Kearns,Cleveland Indians,Outfielder,No,American,American Central,No,No,No,1300000
B.J. Upton,Tampa Bay Rays,Outfielder,No,American,American East,No,Yes,No,4825000
Barry Enright,Arizona Diamondbacks,Pitcher,Yes,National,National West,No,Yes,No,418000
Barry Zito,San Francisco Giants,Pitcher,Yes,National,National West,No,No,No,18500000
Bartolo Colon,New York Yankees,Pitcher,Yes,American,American East,Yes,Yes,No,900000
Ben Francisco,Philadelphia Phillies,Outfielder,No,National,National East,No,Yes,No,1175000
Ben Zobrist,Tampa Bay Rays,Shortstop,No,American,American East,No,Yes,No,4687300
Bill Bray,Cincinnati Reds,Pitcher,Yes,National,National Central,No,No,No,645000
Bill Hall,Houston Astros,Outfielder,No,National,National Central,No,No,No,3000000
Billy Butler,Kansas City Royals,First Baseman,No,American,American Central,No,No,No,3500000
Blaine Boyer,New York Mets,Pitcher,Yes,National,National East,No,No,No,725000
Blake DeWitt,Chicago Cubs,Second Baseman,No,National,National Central,No,No,No,460000
Blake Hawksworth,Los Angeles Dodgers,Pitcher,Yes,National,National West,No,No,No,426000
Bob Cramer,Oakland Athletics,Pitcher,Yes,American,American West,No,No,No,414000
Bobby Abreu,Los Angeles Angels,Outfielder,No,American,American West,No,No,No,9000000
Bobby Cassevah,Los Angeles Angels,Pitcher,Yes,American,American West,No,No,No,414000
Bobby Jenks,Boston Red Sox,Pitcher,Yes,American,American East,No,No,No,6000000
Bobby Wilson,Los Angeles Angels,Catcher,No,American,American West,No,No,No,416000
Boone Logan,New York Yankees,Pitcher,Yes,American,American East,Yes,Yes,No,1200000
Brad Bergesen,Baltimore Orioles,Pitcher,Yes,American,American East,No,No,No,434000
Brad Emaus,New York Mets,Second Baseman,No,National,National East,No,No,No,414000
Brad Hawpe,San Diego Padres,First Baseman,No,National,National West,No,No,No,2000000
Brad Lidge,Philadelphia Phillies,Pitcher,Yes,National,National East,No,Yes,No,12000000
Brad Lincoln,Pittsburgh Pirates,Pitcher,Yes,National,National Central,No,No,No,414500
Brad Penny,Detroit Tigers,Pitcher,Yes,American,American Central,No,Yes,No,3000000
Brad Thomas,Detroit Tigers,Pitcher,Yes,American,American Central,No,Yes,No,800000
Brad Ziegler,Oakland Athletics,Pitcher,Yes,American,American West,No,No,No,1250000
Brandon Beachy,Atlanta Braves,Pitcher,Yes,National,National East,No,No,No,416500
Brandon Belt,San Francisco Giants,First Baseman,No,National,National West,No,No,No,414000
Brandon Hicks,Atlanta Braves,Shortstop,No,National,National East,No,No,No,414000
Brandon Inge,Detroit Tigers,Third Baseman,No,American,American Central,No,Yes,No,5500000
Brandon Kintzler,Milwaukee Brewers,Pitcher,Yes,National,National Central,No,Yes,No,414000
Brandon League,Seattle Mariners,Pitcher,Yes,American,American West,No,No,No,2250000
Brandon Lyon,Houston Astros,Pitcher,Yes,National,National Central,No,No,No,5250000
Brandon McCarthy,Oakland Athletics,Pitcher,Yes,American,American West,No,No,No,1000000
Brandon Morrow,Toronto Blue Jays,Pitcher,Yes,American,American East,No,No,No,2300000
Brandon Phillips,Cincinnati Reds,Second Baseman,No,National,National Central,No,No,No,11437500
Brandon Webb,Texas Rangers,Pitcher,Yes,American,American West,No,Yes,Yes,3000000
Brandon Wood,Los Angeles Angels,Third Baseman,No,American,American West,No,No,No,420000
Brayan Pena,Kansas City Royals,Catcher,No,American,American Central,No,No,No,660000
Brayan Villarreal,Detroit Tigers,Pitcher,Yes,American,American Central,No,Yes,No,414000
Brendan Ryan,Seattle Mariners,Shortstop,No,American,American West,No,No,No,1000000
Brennan Boesch,Detroit Tigers,Outfielder,No,American,American Central,No,Yes,No,430000
Brent Lillibridge,Chicago White Sox,Second Baseman,No,American,American Central,No,No,No,430000
Brent Morel,Chicago White Sox,Third Baseman,No,American,American Central,No,No,No,414000
Brett Anderson,Oakland Athletics,Pitcher,Yes,American,American West,No,No,No,1250000
Brett Cecil,Toronto Blue Jays,Pitcher,Yes,American,American East,No,No,No,443100
Brett Gardner,New York Yankees,Outfielder,No,American,American East,Yes,Yes,No,529500
Brett Hayes,Miami Marlins,Catcher,No,National,National East,No,No,No,414000
Brett Myers,Houston Astros,Pitcher,Yes,National,National Central,No,No,No,8000000
Brett Wallace,Houston Astros,First Baseman,No,National,National Central,No,No,No,418000
Brian Bocock,Philadelphia Phillies,Shortstop,No,National,National East,No,Yes,No,414000
Brian Broderick,Washington Nationals,Pitcher,Yes,National,National East,No,No,No,414000
Brian Duensing,Minnesota Twins,Pitcher,Yes,American,American Central,No,No,No,462500
Brian Fuentes,Oakland Athletics,Pitcher,Yes,American,American West,No,No,No,5000000
Brian Matusz,Baltimore Orioles,Pitcher,Yes,American,American East,No,No,No,1350000
Brian McCann,Atlanta Braves,Catcher,No,National,National East,No,No,No,6700000
Brian Roberts,Baltimore Orioles,Second Baseman,No,American,American East,No,No,No,10000000
Brian Sanches,Miami Marlins,Pitcher,Yes,National,National East,No,No,No,425000
Brian Schlitter,Philadelphia Phillies,Pitcher,Yes,National,National East,No,Yes,No,414000
Brian Schneider,Philadelphia Phillies,Catcher,No,National,National East,No,Yes,No,1625000
Brian Tallet,St. Louis Cardinals,Pitcher,Yes,National,National Central,No,Yes,Yes,750000
Brian Wilson,San Francisco Giants,Pitcher,Yes,National,National West,No,No,No,6500000
Bronson Arroyo,Cincinnati Reds,Pitcher,Yes,National,National Central,No,No,No,7666666
Brooks Conrad,Atlanta Braves,Third Baseman,No,National,National East,No,No,No,427250
Bruce Chen,Kansas City Royals,Pitcher,Yes,American,American Central,No,No,No,2000000
Bryan Augenstein,St. Louis Cardinals,Pitcher,Yes,National,National Central,No,Yes,Yes,414000
Bud Norris,Houston Astros,Pitcher,Yes,National,National Central,No,No,No,437500
Buster Posey,San Francisco Giants,Catcher,No,National,National West,No,No,No,575000
C.J. Wilson,Texas Rangers,Pitcher,Yes,American,American West,No,Yes,Yes,7000000
Cameron Maybin,San Diego Padres,Outfielder,No,National,National West,No,No,No,429100
Carl Crawford,Boston Red Sox,Outfielder,No,American,American East,No,No,No,14857142
Carl Pavano,Minnesota Twins,Pitcher,Yes,American,American Central,No,No,No,8000000
Carlos Beltran,New York Mets,Outfielder,No,National,National East,No,No,No,19325436
Carlos Carrasco,Cleveland Indians,Pitcher,Yes,American,American Central,No,No,No,415800
Carlos Gomez,Milwaukee Brewers,Outfielder,No,National,National Central,No,Yes,No,1500000
Carlos Gonzalez,Colorado Rockies,Outfielder,No,National,National West,No,No,No,1428571
Carlos Guillen,Detroit Tigers,Outfielder,No,American,American Central,No,Yes,No,12922231
Carlos Lee,Houston Astros,Outfielder,No,National,National Central,No,No,No,19000000
Carlos Marmol,Chicago Cubs,Pitcher,Yes,National,National Central,No,No,No,2533333
Carlos Pena,Chicago Cubs,First Baseman,No,National,National Central,No,No,No,9959996
Carlos Quentin,Chicago White Sox,Outfielder,No,American,American Central,No,No,No,5050000
Carlos Ruiz,Philadelphia Phillies,Catcher,No,National,National East,No,Yes,No,2750000
Carlos Santana,Cleveland Indians,Catcher,No,American,American Central,No,No,No,416600
Carlos Villanueva,Toronto Blue Jays,Pitcher,Yes,American,American East,No,No,No,1415000
Carlos Zambrano,Chicago Cubs,Pitcher,Yes,National,National Central,No,No,No,18875000
Casey Blake,Los Angeles Dodgers,Third Baseman,No,National,National West,No,No,No,5500000
Casey Janssen,Toronto Blue Jays,Pitcher,Yes,American,American East,No,No,No,1095000
Casey McGehee,Milwaukee Brewers,Third Baseman,No,National,National Central,No,Yes,No,478000
Casper Wells,Detroit Tigers,Outfielder,No,American,American Central,No,Yes,No,418000
CC Sabathia,New York Yankees,Pitcher,Yes,American,American East,Yes,Yes,No,24285714
Cedric Hunter,San Diego Padres,Outfielder,No,National,National West,No,No,No,414000
Cesar Izturis,Baltimore Orioles,Shortstop,No,American,American East,No,No,No,1500000
Cesar Ramos,Tampa Bay Rays,Pitcher,Yes,American,American East,No,Yes,No,416700
Chad Billingsley,Los Angeles Dodgers,Pitcher,Yes,National,National West,No,No,No,6275000
Chad Durbin,Cleveland Indians,Pitcher,Yes,American,American Central,No,No,No,800000
Chad Gaudin,Washington Nationals,Pitcher,Yes,National,National East,No,No,No,900000
Chad Qualls,San Diego Padres,Pitcher,Yes,National,National West,No,No,No,1500000
Charlie Morton,Pittsburgh Pirates,Pitcher,Yes,National,National Central,No,No,No,441000
Chase Headley,San Diego Padres,Third Baseman,No,National,National West,No,No,No,2325000
Chase Utley,Philadelphia Phillies,Second Baseman,No,National,National East,No,Yes,No,15285714
Chien-Ming Wang,Washington Nationals,Pitcher,Yes,National,National East,No,No,No,1200000
Chin-Lung Hu,New York Mets,Shortstop,No,National,National East,No,No,No,420000
Chipper Jones,Atlanta Braves,Third Baseman,No,National,National East,No,No,No,14000000
Chone Figgins,Seattle Mariners,Second Baseman,No,American,American West,No,No,No,9500000
Chris B. Young,Arizona Diamondbacks,Outfielder,No,National,National West,No,Yes,No,5200000
Chris Capuano,New York Mets,Pitcher,Yes,National,National East,No,No,No,1500000
Chris Carpenter,St. Louis Cardinals,Pitcher,Yes,National,National Central,No,Yes,Yes,14259403
Chris Coghlan,Miami Marlins,Outfielder,No,National,National East,No,No,No,490000
Chris D. Johnson,Houston Astros,Third Baseman,No,National,National Central,No,No,No,424000
Chris Denorfia,San Diego Padres,Outfielder,No,National,National West,No,No,No,800000
Chris Getz,Kansas City Royals,Second Baseman,No,American,American Central,No,No,No,443000
Chris Heisey,Cincinnati Reds,Outfielder,No,National,National Central,No,No,No,419000
Chris Iannetta,Colorado Rockies,Catcher,No,National,National West,No,No,No,2550000
Chris Narveson,Milwaukee Brewers,Pitcher,Yes,National,National Central,No,Yes,No,441500
Chris Perez,Cleveland Indians,Pitcher,Yes,American,American Central,No,No,No,2225000
Chris Pettit,Los Angeles Angels,Outfielder,No,American,American West,No,No,No,414000
Chris R. Young,New York Mets,Pitcher,Yes,National,National East,No,No,No,1100000
Chris Ray,Seattle Mariners,Pitcher,Yes,American,American West,No,No,No,1000000
Chris Resop,Pittsburgh Pirates,Pitcher,Yes,National,National Central,No,No,No,431500
Chris Sale,Chicago White Sox,Pitcher,Yes,American,American Central,No,No,No,425000
Chris Snyder,Pittsburgh Pirates,Catcher,No,National,National Central,No,No,No,6250000
Chris Tillman,Baltimore Orioles,Pitcher,Yes,American,American East,No,No,No,417000
Chris Volstad,Miami Marlins,Pitcher,Yes,National,National East,No,No,No,445000
Clay Buchholz,Boston Red Sox,Pitcher,Yes,American,American East,No,No,No,555000
Clay Hensley,Miami Marlins,Pitcher,Yes,National,National East,No,No,No,1400000
Clayton Kershaw,Los Angeles Dodgers,Pitcher,Yes,National,National West,No,No,No,500000
Clayton Richard,San Diego Padres,Pitcher,Yes,National,National West,No,No,No,468800
Cliff Lee,Philadelphia Phillies,Pitcher,Yes,National,National East,No,Yes,No,11000000
Cliff Pennington,Oakland Athletics,Shortstop,No,American,American West,No,No,No,420000
Clint Barmes,Houston Astros,Second Baseman,No,National,National Central,No,No,No,3925000
Coco Crisp,Oakland Athletics,Outfielder,No,American,American West,No,No,No,5750000
Cody Ross,San Francisco Giants,Outfielder,No,National,National West,No,No,No,6300000
Colby Lewis,Texas Rangers,Pitcher,Yes,American,American West,No,Yes,Yes,2000000
Colby Rasmus,St. Louis Cardinals,Outfielder,No,National,National Central,No,Yes,Yes,443000
Cole Hamels,Philadelphia Phillies,Pitcher,Yes,National,National East,No,Yes,No,9500000
Colin Curtis,New York Yankees,Outfielder,No,American,American East,Yes,Yes,No,420400
Conor Jackson,Oakland Athletics,First Baseman,No,American,American West,No,No,No,3200000
Corey Hart,Milwaukee Brewers,Outfielder,No,National,National Central,No,Yes,No,6833333
Corey Patterson,Toronto Blue Jays,Outfielder,No,American,American East,No,No,No,900000
Cory Luebke,San Diego Padres,Pitcher,Yes,National,National West,No,No,No,415600
Craig Breslow,Oakland Athletics,Pitcher,Yes,American,American West,No,No,No,1400000
Craig Counsell,Milwaukee Brewers,Second Baseman,No,National,National Central,No,Yes,No,1400000
Craig Kimbrel,Atlanta Braves,Pitcher,Yes,National,National East,No,No,No,419000
Cristhian Martinez,Atlanta Braves,Pitcher,Yes,National,National East,No,No,No,419000
Curtis Granderson,New York Yankees,Outfielder,No,American,American East,Yes,Yes,No,8250000
D.J. Carrasco,New York Mets,Pitcher,Yes,National,National East,No,No,No,1200000
Daisuke Matsuzaka,Boston Red Sox,Pitcher,Yes,American,American East,No,No,No,10333333
Dallas Braden,Oakland Athletics,Pitcher,Yes,American,American West,No,No,No,3350000
Damaso Marte,New York Yankees,Pitcher,Yes,American,American East,Yes,Yes,No,4000000
Dan Haren,Los Angeles Angels,Pitcher,Yes,American,American West,No,No,No,12750000
Dan Hudson,Arizona Diamondbacks,Pitcher,Yes,National,National West,No,Yes,No,419000
Dan Johnson,Tampa Bay Rays,First Baseman,No,American,American East,No,Yes,No,1000000
Dan Runzler,San Francisco Giants,Pitcher,Yes,National,National West,No,No,No,418500
Dan Uggla,Atlanta Braves,Second Baseman,No,National,National East,No,No,No,9146942
Dan Wheeler,Boston Red Sox,Pitcher,Yes,American,American East,No,No,No,3000000
Daniel Bard,Boston Red Sox,Pitcher,Yes,American,American East,No,No,No,505000
Daniel Descalso,St. Louis Cardinals,Second Baseman,No,National,National Central,No,Yes,Yes,414000
Daniel Murphy,New York Mets,Second Baseman,No,National,National East,No,No,No,422000
Daniel Schlereth,Detroit Tigers,Pitcher,Yes,American,American Central,No,Yes,No,418000
Danny Espinosa,Washington Nationals,Shortstop,No,National,National East,No,No,No,415000
Danny Valencia,Minnesota Twins,Third Baseman,No,American,American Central,No,No,No,437500
Danys Baez,Philadelphia Phillies,Pitcher,Yes,National,National East,No,Yes,No,2750000
Daric Barton,Oakland Athletics,First Baseman,No,American,American West,No,No,No,425000
Darnell McDonald,Boston Red Sox,Outfielder,No,American,American East,No,No,No,470000
Darren O'Day,Texas Rangers,Pitcher,Yes,American,American West,No,Yes,Yes,1251000
Darren Oliver,Texas Rangers,Pitcher,Yes,American,American West,No,Yes,Yes,3250000
Darwin Barney,Chicago Cubs,Shortstop,No,National,National Central,No,No,No,417000
Dave Bush,Texas Rangers,Pitcher,Yes,American,American West,No,Yes,Yes,1000000
David Aardsma,Seattle Mariners,Pitcher,Yes,American,American West,No,No,No,4500000
David DeJesus,Oakland Athletics,Outfielder,No,American,American West,No,No,No,6000000
David Freese,St. Louis Cardinals,Third Baseman,No,National,National Central,No,Yes,Yes,416000
David Herndon,Philadelphia Phillies,Pitcher,Yes,National,National East,No,Yes,No,425000
David J. Hernandez,Arizona Diamondbacks,Pitcher,Yes,National,National West,No,Yes,No,423500
David Murphy,Texas Rangers,Outfielder,No,American,American West,No,Yes,Yes,2400000
David Ortiz,Boston Red Sox,Designated Hitter,No,American,American East,No,No,No,12500000
David Pauley,Seattle Mariners,Pitcher,Yes,American,American West,No,No,No,422000
David Price,Tampa Bay Rays,Pitcher,Yes,American,American East,No,Yes,No,2084671
David Purcey,Toronto Blue Jays,Pitcher,Yes,American,American East,No,No,No,436400
David Robertson,New York Yankees,Pitcher,Yes,American,American East,Yes,Yes,No,460450
David Ross,Atlanta Braves,Catcher,No,National,National East,No,No,No,1625000
David Wright,New York Mets,Third Baseman,No,National,National East,No,No,No,14250000
Dayan Viciedo,Chicago White Sox,Third Baseman,No,American,American Central,No,No,No,2250000
Delmon Young,Minnesota Twins,Outfielder,No,American,American Central,No,No,No,5375000
Denard Span,Minnesota Twins,Outfielder,No,American,American Central,No,No,No,1000000
Dennys Reyes,Boston Red Sox,Pitcher,Yes,American,American East,No,No,No,900000
Derek Holland,Texas Rangers,Pitcher,Yes,American,American West,No,Yes,Yes,431810
Derek Jeter,New York Yankees,Shortstop,No,American,American East,Yes,Yes,No,14729364
Derek Lowe,Atlanta Braves,Pitcher,Yes,National,National East,No,No,No,15000000
Derrek Lee,Baltimore Orioles,First Baseman,No,American,American East,No,No,No,7250000
Dexter Fowler,Colorado Rockies,Outfielder,No,National,National West,No,No,No,424000
Dioner Navarro,Los Angeles Dodgers,Catcher,No,National,National West,No,No,No,1000000
Domonic Brown,Philadelphia Phillies,Outfielder,No,National,National East,No,Yes,No,414000
Don Kelly,Detroit Tigers,Outfielder,No,American,American Central,No,Yes,No,423000
Donnie Murphy,Miami Marlins,Third Baseman,No,National,National East,No,No,No,425000
Doug Fister,Seattle Mariners,Pitcher,Yes,American,American West,No,No,No,436500
Doug Slaten,Washington Nationals,Pitcher,Yes,National,National East,No,No,No,695000
Drew Butera,Minnesota Twins,Catcher,No,American,American Central,No,No,No,429000
Drew Storen,Washington Nationals,Pitcher,Yes,National,National East,No,No,No,418000
Drew Stubbs,Cincinnati Reds,Outfielder,No,National,National Central,No,No,No,450000
Dustin McGowan,Toronto Blue Jays,Pitcher,Yes,American,American East,No,No,No,450000
Dustin Moseley,San Diego Padres,Pitcher,Yes,National,National West,No,No,No,900000
Dustin Pedroia,Boston Red Sox,Second Baseman,No,American,American East,No,No,No,5750000
Dusty Hughes,Minnesota Twins,Pitcher,Yes,American,American Central,No,No,No,429000
Edgar Renteria,Cincinnati Reds,Shortstop,No,National,National Central,No,No,No,2068391
Edinson Volquez,Cincinnati Reds,Pitcher,Yes,National,National Central,No,No,No,1625000
Eduardo Nunez,New York Yankees,Shortstop,No,American,American East,Yes,Yes,No,419300
Edward Mujica,Miami Marlins,Pitcher,Yes,National,National East,No,No,No,800000
Edwin Encarnacion,Toronto Blue Jays,Third Baseman,No,American,American East,No,No,No,2500000
Edwin Jackson,Chicago White Sox,Pitcher,Yes,American,American Central,No,No,No,8750000
Eli Whiteside,San Francisco Giants,Catcher,No,National,National West,No,No,No,425000
Elliot Johnson,Tampa Bay Rays,Second Baseman,No,American,American East,No,Yes,No,414900
Elvin Ramirez,Washington Nationals,Pitcher,Yes,National,National East,No,No,No,414000
Elvis Andrus,Texas Rangers,Shortstop,No,American,American West,No,Yes,Yes,452180
Emilio Bonifacio,Miami Marlins,Third Baseman,No,National,National East,No,No,No,425000
Enerio Del Rosario,Houston Astros,Pitcher,Yes,National,National Central,No,No,No,417000
Enrique Gonzalez,Detroit Tigers,Pitcher,Yes,American,American Central,No,Yes,No,435000
Eric Chavez,New York Yankees,Third Baseman,No,American,American East,Yes,Yes,No,1500000
Eric Hinske,Atlanta Braves,Outfielder,No,National,National East,No,No,No,1350000
Eric O'Flaherty,Atlanta Braves,Pitcher,Yes,National,National East,No,No,No,895000
Eric Patterson,San Diego Padres,Second Baseman,No,National,National West,No,No,No,423300
Erick Almonte,Milwaukee Brewers,Infielder,No,National,National Central,No,Yes,No,414000
Erick Aybar,Los Angeles Angels,Shortstop,No,American,American West,No,No,No,3000000
Erik Bedard,Seattle Mariners,Pitcher,Yes,American,American West,No,No,No,1000000
Ernesto Frieri,San Diego Padres,Pitcher,Yes,National,National West,No,No,No,417100
Ervin Santana,Los Angeles Angels,Pitcher,Yes,American,American West,No,No,No,8000000
Esmil Rogers,Colorado Rockies,Pitcher,Yes,National,National West,No,No,No,417000
Evan Longoria,Tampa Bay Rays,Third Baseman,No,American,American East,No,Yes,No,2000000
Evan Meek,Pittsburgh Pirates,Pitcher,Yes,National,National Central,No,No,No,461500
Fausto Carmona,Cleveland Indians,Pitcher,Yes,American,American Central,No,No,No,6287500
Felipe Paulino,Colorado Rockies,Pitcher,Yes,National,National West,No,No,No,790000
Felix Doubront,Boston Red Sox,Pitcher,Yes,American,American East,No,No,No,417000
Felix Hernandez,Seattle Mariners,Pitcher,Yes,American,American West,No,No,No,11700000
Felix Pie,Baltimore Orioles,Outfielder,No,American,American East,No,No,No,985000
Fernando Abad,Houston Astros,Pitcher,Yes,National,National Central,No,No,No,418000
Fernando Rodney,Los Angeles Angels,Pitcher,Yes,American,American West,No,No,No,5500000
Francisco Cervelli,New York Yankees,Catcher,No,American,American East,Yes,Yes,No,455700
Francisco Cordero,Cincinnati Reds,Pitcher,Yes,National,National Central,No,No,No,12125000
Francisco Liriano,Minnesota Twins,Pitcher,Yes,American,American Central,No,No,No,4300000
Francisco Rodriguez,New York Mets,Pitcher,Yes,National,National East,No,No,No,12166666
Frank Francisco,Toronto Blue Jays,Pitcher,Yes,American,American East,No,No,No,4000000
Frank Herrmann,Cleveland Indians,Pitcher,Yes,American,American Central,No,No,No,419800
Franklin Gutierrez,Seattle Mariners,Outfielder,No,American,American West,No,No,No,4312500
Franklin Morales,Colorado Rockies,Pitcher,Yes,National,National West,No,No,No,424000
Fred Lewis,Cincinnati Reds,Outfielder,No,National,National Central,No,No,No,900000
Freddie Freeman,Atlanta Braves,First Baseman,No,National,National East,No,No,No,414000
Freddy Garcia,New York Yankees,Pitcher,Yes,American,American East,Yes,Yes,No,1500000
Freddy Sanchez,San Francisco Giants,Second Baseman,No,National,National West,No,No,No,6000000
Freddy Sandoval,Los Angeles Angels,Third Baseman,No,American,American West,No,No,No,414000
Gaby Sanchez,Miami Marlins,First Baseman,No,National,National East,No,No,No,431000
Garrett Jones,Pittsburgh Pirates,Outfielder,No,National,National Central,No,No,No,455500
Garrett Olson,Pittsburgh Pirates,Pitcher,Yes,National,National Central,No,No,No,430000
Gavin Floyd,Chicago White Sox,Pitcher,Yes,American,American Central,No,No,No,5000000
Geoff Blum,Arizona Diamondbacks,Second Baseman,No,National,National West,No,Yes,No,1350000
George Kottaras,Milwaukee Brewers,Catcher,No,National,National Central,No,Yes,No,440000
George Sherrill,Atlanta Braves,Pitcher,Yes,National,National East,No,No,No,1200000
Geovany Soto,Chicago Cubs,Catcher,No,National,National Central,No,No,No,3000000
Gerald Laird,St. Louis Cardinals,Catcher,No,National,National Central,No,Yes,Yes,1000000
Gerardo Parra,Arizona Diamondbacks,Outfielder,No,National,National West,No,Yes,No,426000
Giovany Gonzalez,Oakland Athletics,Pitcher,Yes,American,American West,No,No,No,420000
Glen Perkins,Minnesota Twins,Pitcher,Yes,American,American Central,No,No,No,700000
Gordon Beckham,Chicago White Sox,Second Baseman,No,American,American Central,No,No,No,485000
Grady Sizemore,Cleveland Indians,Outfielder,No,American,American Central,No,No,No,7666666
Grant Balfour,Oakland Athletics,Pitcher,Yes,American,American West,No,No,No,3750000
Greg Dobbs,Miami Marlins,First Baseman,No,National,National East,No,No,No,600000
Guillermo Mota,San Francisco Giants,Pitcher,Yes,National,National West,No,No,No,925000
Gustavo Molina,New York Yankees,Catcher,No,American,American East,Yes,Yes,No,455000
Hank Conger,Los Angeles Angels,Catcher,No,American,American West,No,No,No,414000
Hanley Ramirez,Miami Marlins,Shortstop,No,National,National East,No,No,No,11000000
Heath Bell,San Diego Padres,Pitcher,Yes,National,National West,No,No,No,7500000
Hector Gimenez,Los Angeles Dodgers,Catcher,No,National,National West,No,No,No,425000
Henry Alberto Rodriguez,Washington Nationals,Pitcher,Yes,National,National East,No,No,No,415000
Henry Barrera,Kansas City Royals,Pitcher,Yes,American,American Central,No,No,No,414000
Henry Blanco,Arizona Diamondbacks,Catcher,No,National,National West,No,Yes,No,1000000
Hideki Matsui,Oakland Athletics,Designated Hitter,No,American,American West,No,No,No,4250000
Hiroki Kuroda,Los Angeles Dodgers,Pitcher,Yes,National,National West,No,No,No,11765724
Hisanori Takahashi,Los Angeles Angels,Pitcher,Yes,American,American West,No,No,No,3800000
Homer Bailey,Cincinnati Reds,Pitcher,Yes,National,National Central,No,No,No,441000
Hong-Chih Kuo,Los Angeles Dodgers,Pitcher,Yes,National,National West,No,No,No,2725000
Howie Kendrick,Los Angeles Angels,Second Baseman,No,American,American West,No,No,No,3300000
Humberto Quintero,Houston Astros,Catcher,No,National,National Central,No,No,No,1000000
Hunter Pence,Houston Astros,Outfielder,No,National,National Central,No,No,No,6900000
Huston Street,Colorado Rockies,Pitcher,Yes,National,National West,No,No,No,7300000
Ian Desmond,Washington Nationals,Shortstop,No,National,National East,No,No,No,441500
Ian Kennedy,Arizona Diamondbacks,Pitcher,Yes,National,National West,No,Yes,No,423000
Ian Kinsler,Texas Rangers,Second Baseman,No,American,American West,No,Yes,Yes,6200000
Ian Stewart,Colorado Rockies,Third Baseman,No,National,National West,No,No,No,2287500
Ichiro Suzuki,Seattle Mariners,Outfielder,No,American,American West,No,No,No,18000000
Ike Davis,New York Mets,First Baseman,No,National,National East,No,No,No,432000
Ivan DeJesus,Los Angeles Dodgers,Shortstop,No,National,National West,No,No,No,414000
Ivan Nova,New York Yankees,Pitcher,Yes,American,American East,Yes,Yes,No,432900
Ivan Rodriguez,Washington Nationals,Catcher,No,National,National East,No,No,No,3000000
J.A. Happ,Houston Astros,Pitcher,Yes,National,National Central,No,No,No,474000
J.C. Romero,Philadelphia Phillies,Pitcher,Yes,National,National East,No,Yes,No,1350000
J.D. Drew,Boston Red Sox,Outfielder,No,American,American East,No,No,No,14000000
J.J. Hardy,Baltimore Orioles,Shortstop,No,American,American East,No,No,No,5850000
J.J. Putz,Arizona Diamondbacks,Pitcher,Yes,National,National West,No,Yes,No,4000000
J.P. Arencibia,Toronto Blue Jays,Catcher,No,American,American East,No,No,No,417400
J.P. Howell,Tampa Bay Rays,Pitcher,Yes,American,American East,No,Yes,No,1100000
J.R. Towles,Houston Astros,Catcher,No,National,National Central,No,No,No,424000
Jack Cust,Seattle Mariners,Designated Hitter,No,American,American West,No,No,No,2500000
Jack Hannahan,Cleveland Indians,Third Baseman,No,American,American Central,No,No,No,500000
Jack Wilson,Seattle Mariners,Second Baseman,No,American,American West,No,No,No,5000000
Jacoby Ellsbury,Boston Red Sox,Outfielder,No,American,American East,No,No,No,2400000
Jaime Garcia,St. Louis Cardinals,Pitcher,Yes,National,National Central,No,Yes,Yes,437000
Jair Jurrjens,Atlanta Braves,Pitcher,Yes,National,National East,No,No,No,3250000
Jake Arrieta,Baltimore Orioles,Pitcher,Yes,American,American East,No,No,No,419000
Jake Fox,Baltimore Orioles,First Baseman,No,American,American East,No,No,No,424000
Jake McGee,Tampa Bay Rays,Pitcher,Yes,American,American East,No,Yes,No,415200
Jake Peavy,Chicago White Sox,Pitcher,Yes,American,American Central,No,No,No,16000000
Jake Westbrook,St. Louis Cardinals,Pitcher,Yes,National,National Central,No,Yes,Yes,8000000
James Loney,Los Angeles Dodgers,First Baseman,No,National,National West,No,No,No,4875000
James McDonald,Pittsburgh Pirates,Pitcher,Yes,National,National Central,No,No,No,443000
James Russell,Chicago Cubs,Pitcher,Yes,National,National Central,No,No,No,427500
James Shields,Tampa Bay Rays,Pitcher,Yes,American,American East,No,Yes,No,4250000
Jamey Carroll,Los Angeles Dodgers,Infielder,No,National,National West,No,No,No,2285677
Jamey Wright,Seattle Mariners,Pitcher,Yes,American,American West,No,No,No,900000
Jared (Levi) Burton,Cincinnati Reds,Pitcher,Yes,National,National Central,No,No,No,750000
Jared Goedert,Cleveland Indians,Infielder,No,American,American Central,No,No,No,414000
Jarrett Hoffpauir,San Diego Padres,Second Baseman,No,National,National West,No,No,No,414800
Jarrod Dyson,Kansas City Royals,Outfielder,No,American,American Central,No,No,No,414000
Jarrod Saltalamacchia,Boston Red Sox,Catcher,No,American,American East,No,No,No,750000
Jason Bartlett,San Diego Padres,Shortstop,No,National,National West,No,No,No,4000000
Jason Bay,New York Mets,Outfielder,No,National,National East,No,No,No,18125000
Jason Berken,Baltimore Orioles,Pitcher,Yes,American,American East,No,No,No,426500
Jason Bourgeois,Houston Astros,Outfielder,No,National,National Central,No,No,No,423000
Jason Bulger,Los Angeles Angels,Pitcher,Yes,American,American West,No,No,No,423000
Jason Castro,Houston Astros,Catcher,No,National,National Central,No,No,No,421500
Jason Donald,Cleveland Indians,Shortstop,No,American,American Central,No,No,No,423200
Jason Frasor,Toronto Blue Jays,Pitcher,Yes,American,American East,No,No,No,3500000
Jason Giambi,Colorado Rockies,First Baseman,No,National,National West,No,No,No,1000000
Jason Hammel,Colorado Rockies,Pitcher,Yes,National,National West,No,No,No,3000000
Jason Heyward,Atlanta Braves,Outfielder,No,National,National East,No,No,No,496500
Jason Jaramillo,Pittsburgh Pirates,Catcher,No,National,National Central,No,No,No,422500
Jason Kendall,Kansas City Royals,Catcher,No,American,American Central,No,No,No,3750000
Jason Kubel,Minnesota Twins,Pitcher,Yes,American,American Central,No,No,No,5250000
Jason Marquis,Washington Nationals,Pitcher,Yes,National,National East,No,No,No,7500000
Jason Michaels,Houston Astros,Outfielder,No,National,National Central,No,No,No,900000
Jason Motte,St. Louis Cardinals,Pitcher,Yes,National,National Central,No,Yes,Yes,435000
Jason Repko,Minnesota Twins,Outfielder,No,American,American Central,No,No,No,600000
Jason Vargas,Seattle Mariners,Pitcher,Yes,American,American West,No,No,No,2450000
Jason Varitek,Boston Red Sox,Catcher,No,American,American East,No,No,No,2000000
Javier Lopez,San Francisco Giants,Pitcher,Yes,National,National West,No,No,No,2375000
Javier Vazquez,Miami Marlins,Pitcher,Yes,National,National East,No,No,No,7000000
Jay Bruce,Cincinnati Reds,Outfielder,No,National,National Central,No,No,No,2791666
Jay Gibbons,Los Angeles Dodgers,Outfielder,No,National,National West,No,No,No,650000
Jayson Nix,Toronto Blue Jays,Second Baseman,No,American,American East,No,No,No,438100
Jayson Werth,Washington Nationals,Outfielder,No,National,National East,No,No,No,10571428
Jed Lowrie,Boston Red Sox,Second Baseman,No,American,American East,No,No,No,450000
Jeff Baker,Chicago Cubs,Second Baseman,No,National,National Central,No,No,No,1175000
Jeff Francis,Kansas City Royals,Pitcher,Yes,American,American Central,No,No,No,2000000
Jeff Francoeur,Kansas City Royals,Outfielder,No,American,American Central,No,No,No,2500000
Jeff Fulchino,Houston Astros,Pitcher,Yes,National,National Central,No,No,No,467000
Jeff Keppinger,Houston Astros,Second Baseman,No,National,National Central,No,No,No,2300000
Jeff Manship,Minnesota Twins,Pitcher,Yes,American,American Central,No,No,No,419000
Jeff Mathis,Los Angeles Angels,Catcher,No,American,American West,No,No,No,1700000
Jeff Niemann,Tampa Bay Rays,Pitcher,Yes,American,American East,No,Yes,No,903000
Jeff Samardzija,Chicago Cubs,Pitcher,Yes,National,National Central,No,No,No,3300000
Jeffrey Karstens,Pittsburgh Pirates,Pitcher,Yes,National,National Central,No,No,No,1100000
Jered Weaver,Los Angeles Angels,Pitcher,Yes,American,American West,No,No,No,7365000
Jeremy Accardo,Baltimore Orioles,Pitcher,Yes,American,American East,No,No,No,1080000
Jeremy Affeldt,San Francisco Giants,Pitcher,Yes,National,National West,No,No,No,4500000
Jeremy Guthrie,Baltimore Orioles,Pitcher,Yes,American,American East,No,No,No,5750000
Jeremy Hellickson,Tampa Bay Rays,Pitcher,Yes,American,American East,No,Yes,No,418400
Jeremy Jeffress,Kansas City Royals,Pitcher,Yes,American,American Central,No,No,No,414500
Jeremy Reed,Milwaukee Brewers,Outfielder,No,National,National Central,No,Yes,No,550000
Jerry Blevins,Oakland Athletics,Pitcher,Yes,American,American West,No,No,No,420000
Jerry Hairston Jr.,Washington Nationals,Infielder,No,National,National East,No,No,No,2000000
Jesse Carlson,Toronto Blue Jays,Pitcher,Yes,American,American East,No,No,No,450000
Jesse Crain,Chicago White Sox,Pitcher,Yes,American,American Central,No,No,No,4000000
Jesse Litsch,Toronto Blue Jays,Pitcher,Yes,American,American East,No,No,No,830000
Jhonny Peralta,Detroit Tigers,Shortstop,No,American,American Central,No,Yes,No,5250000
Jhoulys Chacin,Colorado Rockies,Pitcher,Yes,National,National West,No,No,No,419000
Jim Johnson,Baltimore Orioles,Pitcher,Yes,American,American East,No,No,No,975000
Jim Thome,Minnesota Twins,Designated Hitter,No,American,American Central,No,No,No,3000000
Jimmy Rollins,Philadelphia Phillies,Shortstop,No,National,National East,No,Yes,No,8500000
Joakim Soria,Kansas City Royals,Pitcher,Yes,American,American Central,No,No,No,4000000
Joaquin Benoit,Detroit Tigers,Pitcher,Yes,American,American Central,No,Yes,No,5500000
Joba Chamberlain,New York Yankees,Pitcher,Yes,American,American East,Yes,Yes,No,1400000
Joe Blanton,Philadelphia Phillies,Pitcher,Yes,National,National East,No,Yes,No,10500000
Joe Mauer,Minnesota Twins,Catcher,No,American,American Central,No,No,No,23000000
Joe Nathan,Minnesota Twins,Pitcher,Yes,American,American Central,No,No,No,11250000
Joe Paterson,Arizona Diamondbacks,Pitcher,Yes,National,National West,No,Yes,No,414000
Joe Saunders,Arizona Diamondbacks,Pitcher,Yes,National,National West,No,Yes,No,5500000
Joe Smith,Cleveland Indians,Pitcher,Yes,American,American Central,No,No,No,870000
Joe Thatcher,San Diego Padres,Pitcher,Yes,National,National West,No,No,No,433900
Joel Hanrahan,Pittsburgh Pirates,Pitcher,Yes,National,National Central,No,No,No,1400000
Joel Peralta,Tampa Bay Rays,Pitcher,Yes,American,American East,No,Yes,No,925000
Joel Pineiro,Los Angeles Angels,Pitcher,Yes,American,American West,No,No,No,8000000
Joel Zumaya,Detroit Tigers,Pitcher,Yes,American,American Central,No,Yes,No,1400000
Joey Votto,Cincinnati Reds,First Baseman,No,National,National Central,No,No,No,7410655
Johan Santana,New York Mets,Pitcher,Yes,National,National East,No,No,No,21644707
John Axford,Milwaukee Brewers,Pitcher,Yes,National,National Central,No,Yes,No,442500
John Baker,Miami Marlins,Catcher,No,National,National East,No,No,No,417000
John Bowker,Pittsburgh Pirates,Outfielder,No,National,National Central,No,No,No,441500
John Buck,Miami Marlins,Catcher,No,National,National East,No,No,No,5000000
John Danks,Chicago White Sox,Pitcher,Yes,American,American Central,No,No,No,6000000
John Grabow,Chicago Cubs,Pitcher,Yes,National,National Central,No,No,No,4800000
John Jaso,Tampa Bay Rays,Catcher,No,American,American East,No,Yes,No,427200
John Lackey,Boston Red Sox,Pitcher,Yes,American,American East,No,No,No,15950000
John Lannan,Washington Nationals,Pitcher,Yes,National,National East,No,No,No,2750000
John Mayberry,Philadelphia Phillies,Outfielder,No,National,National East,No,Yes,No,414000
John McDonald,Toronto Blue Jays,Shortstop,No,American,American East,No,No,No,1500000
Johnny Cueto,Cincinnati Reds,Pitcher,Yes,National,National Central,No,No,No,3400000
Johnny Damon,Tampa Bay Rays,Outfielder,No,American,American East,No,Yes,No,5250000
Jo-Jo Reyes,Toronto Blue Jays,Pitcher,Yes,American,American East,No,No,No,439100
Jon Garland,Los Angeles Dodgers,Pitcher,Yes,National,National West,No,No,No,4442023
Jon Jay,St. Louis Cardinals,Outfielder,No,National,National Central,No,Yes,Yes,416000
Jon Niese,New York Mets,Pitcher,Yes,National,National East,No,No,No,452000
Jon Rauch,Toronto Blue Jays,Pitcher,Yes,American,American East,No,No,No,3500000
Jonathan Broxton,Los Angeles Dodgers,Pitcher,Yes,National,National West,No,No,No,7000000
Jonathan Herrera,Colorado Rockies,Second Baseman,No,National,National West,No,No,No,419000
Jonathan Lester,Boston Red Sox,Pitcher,Yes,American,American East,No,No,No,5750000
Jonathan Lucroy,Milwaukee Brewers,Catcher,No,National,National Central,No,Yes,No,424000
Jonathan Papelbon,Boston Red Sox,Pitcher,Yes,American,American East,No,No,No,12000000
Jonathan Sanchez,San Francisco Giants,Pitcher,Yes,National,National West,No,No,No,4800000
Jonny Gomes,Cincinnati Reds,Outfielder,No,National,National Central,No,No,No,1750000
Jonny Venters,Atlanta Braves,Pitcher,Yes,National,National East,No,No,No,429500
Jordan Smith,Cincinnati Reds,Pitcher,Yes,National,National Central,No,No,No,416500
Jordan Walden,Los Angeles Angels,Pitcher,Yes,American,American West,No,No,No,414000
Jordan Zimmermann,Washington Nationals,Pitcher,Yes,National,National East,No,No,No,415000
Jorge Cantu,San Diego Padres,First Baseman,No,National,National West,No,No,No,850000
Jorge De La Rosa,Colorado Rockies,Pitcher,Yes,National,National West,No,No,No,10000000
Jorge Posada,New York Yankees,Catcher,No,American,American East,Yes,Yes,No,13100000
Jose A. Bautista,Toronto Blue Jays,Outfielder,No,American,American East,No,No,No,8000000
Jose Arredondo,Cincinnati Reds,Pitcher,Yes,National,National Central,No,No,No,480000
Jose Ascanio,Pittsburgh Pirates,Pitcher,Yes,National,National Central,No,No,No,416000
Jose C. Lopez,Colorado Rockies,Third Baseman,No,National,National West,No,No,No,3600000
Jose Contreras,Philadelphia Phillies,Pitcher,Yes,National,National East,No,Yes,No,2500000
Jose Mijares,Minnesota Twins,Pitcher,Yes,American,American Central,No,No,No,445000
Jose Molina,Toronto Blue Jays,Catcher,No,American,American East,No,No,No,1200000
Jose Morales,Colorado Rockies,Catcher,No,National,National West,No,No,No,420000
Jose Reyes,New York Mets,Shortstop,No,National,National East,No,No,No,11000000
Jose Tabata,Pittsburgh Pirates,Outfielder,No,National,National Central,No,No,No,428000
Jose Valverde,Detroit Tigers,Pitcher,Yes,American,American Central,No,Yes,No,7000000
Josh Beckett,Boston Red Sox,Pitcher,Yes,American,American East,No,No,No,17000000
Josh Hamilton,Texas Rangers,Outfielder,No,American,American West,No,Yes,Yes,8750000
Josh Johnson,Miami Marlins,Pitcher,Yes,National,National East,No,No,No,7750000
Josh Lueke,Seattle Mariners,Pitcher,Yes,American,American West,No,No,No,414000
Josh Rodriguez,Pittsburgh Pirates,Shortstop,No,National,National Central,No,No,No,414000
Josh Rupe,Baltimore Orioles,Pitcher,Yes,American,American East,No,No,No,475000
Josh Thole,New York Mets,Catcher,No,National,National East,No,No,No,420000
Josh Tomlin,Cleveland Indians,Pitcher,Yes,American,American Central,No,No,No,417200
Josh Willingham,Oakland Athletics,Outfielder,No,American,American West,No,No,No,6000000
Juan C. Gutierrez,Arizona Diamondbacks,Pitcher,Yes,National,National West,No,Yes,No,430500
Juan Cruz,Tampa Bay Rays,Pitcher,Yes,American,American East,No,Yes,No,850000
Juan Francisco,Cincinnati Reds,Third Baseman,No,National,National Central,No,No,No,414000
Juan Miranda,Arizona Diamondbacks,First Baseman,No,National,National West,No,Yes,No,420000
Juan Pierre,Chicago White Sox,Outfielder,No,American,American Central,No,No,No,8500000
Juan Rivera,Toronto Blue Jays,Outfielder,No,American,American East,No,No,No,5250000
Juan Uribe,Los Angeles Dodgers,Second Baseman,No,National,National West,No,No,No,5295910
Julio Borbon,Texas Rangers,Outfielder,No,American,American West,No,Yes,Yes,490000
Junichi Tazawa,Boston Red Sox,Pitcher,Yes,American,American East,No,No,No,1500000
Justin Duchscherer,Baltimore Orioles,Pitcher,Yes,American,American East,No,No,No,700000
Justin Germano,Cleveland Indians,Pitcher,Yes,American,American Central,No,No,No,415600
Justin Masterson,Cleveland Indians,Pitcher,Yes,American,American Central,No,No,No,468400
Justin Morneau,Minnesota Twins,First Baseman,No,American,American Central,No,No,No,15000000
Justin Smoak,Seattle Mariners,First Baseman,No,American,American West,No,No,No,419000
Justin Upton,Arizona Diamondbacks,Outfielder,No,National,National West,No,Yes,No,4458333
Justin Verlander,Detroit Tigers,Pitcher,Yes,American,American Central,No,Yes,No,12850000
Kam Mickolio,Arizona Diamondbacks,Pitcher,Yes,National,National West,No,Yes,No,417000
Kameron Loe,Milwaukee Brewers,Pitcher,Yes,National,National Central,No,Yes,No,1250000
Kanekoa Texeira,Kansas City Royals,Pitcher,Yes,American,American Central,No,No,No,426000
Kelly Johnson,Arizona Diamondbacks,Second Baseman,No,National,National West,No,Yes,No,5850000
Kelly Shoppach,Tampa Bay Rays,Catcher,No,American,American East,No,Yes,No,3000000
Kendrys Morales,Los Angeles Angels,First Baseman,No,American,American West,No,No,No,2975000
Kenley Jansen,Los Angeles Dodgers,Pitcher,Yes,National,National West,No,No,No,416000
Kerry Wood,Chicago Cubs,Pitcher,Yes,National,National Central,No,No,No,1500000
Kevin Correia,Pittsburgh Pirates,Pitcher,Yes,National,National Central,No,No,No,4000000
Kevin Gregg,Baltimore Orioles,Pitcher,Yes,American,American East,No,No,No,4200000
Kevin Hart,Pittsburgh Pirates,Pitcher,Yes,National,National Central,No,No,No,417000
Kevin Jepsen,Los Angeles Angels,Pitcher,Yes,American,American West,No,No,No,435000
Kevin Kouzmanoff,Oakland Athletics,Third Baseman,No,American,American West,No,No,No,4750000
Kevin Slowey,Minnesota Twins,Pitcher,Yes,American,American Central,No,No,No,2700000
Kevin Youkilis,Boston Red Sox,Third Baseman,No,American,American East,No,No,No,12250000
Kila Ka`aihue,Kansas City Royals,First Baseman,No,American,American Central,No,No,No,419000
Koji Uehara,Baltimore Orioles,Pitcher,Yes,American,American East,No,No,No,3000000
Kosuke Fukudome,Chicago Cubs,Outfielder,No,National,National Central,No,No,No,14500000
Koyie Hill,Chicago Cubs,Catcher,No,National,National Central,No,No,No,850000
Kris Medlen,Atlanta Braves,Pitcher,Yes,National,National East,No,No,No,429500
Kurt Suzuki,Oakland Athletics,Catcher,No,American,American West,No,No,No,3437500
Kyle Blanks,San Diego Padres,Outfielder,No,National,National West,No,No,No,424700
Kyle Davies,Kansas City Royals,Pitcher,Yes,American,American Central,No,No,No,3200000
Kyle Drabek,Toronto Blue Jays,Pitcher,Yes,American,American East,No,No,No,416000
Kyle Farnsworth,Tampa Bay Rays,Pitcher,Yes,American,American East,No,Yes,No,2600000
Kyle Kendrick,Philadelphia Phillies,Pitcher,Yes,National,National East,No,Yes,No,2450000
Kyle Lohse,St. Louis Cardinals,Pitcher,Yes,National,National Central,No,Yes,Yes,12187500
Kyle McClellan,St. Louis Cardinals,Pitcher,Yes,National,National Central,No,Yes,Yes,1375000
Lance Berkman,St. Louis Cardinals,Outfielder,No,National,National Central,No,Yes,Yes,8000000
Lance Cormier,Los Angeles Dodgers,Pitcher,Yes,National,National West,No,No,No,1200000
Landon Powell,Oakland Athletics,Catcher,No,American,American West,No,No,No,420000
Lastings Milledge,Chicago White Sox,Outfielder,No,American,American Central,No,No,No,500000
LaTroy Hawkins,Milwaukee Brewers,Pitcher,Yes,National,National Central,No,Yes,No,4250000
Laynce Nix,Washington Nationals,Outfielder,No,National,National East,No,No,No,700000
Leo Nunez,Miami Marlins,Pitcher,Yes,National,National East,No,No,No,3650000
Livan Hernandez,Washington Nationals,Pitcher,Yes,National,National East,No,No,No,1250000
Logan Morrison,Miami Marlins,Outfielder,No,National,National East,No,No,No,414000
Logan Ondrusek,Cincinnati Reds,Pitcher,Yes,National,National Central,No,No,No,418000
Lou Marson,Cleveland Indians,Catcher,No,American,American Central,No,No,No,424300
Lucas Duda,New York Mets,Outfielder,No,National,National East,No,No,No,414000
Luis Ayala,New York Yankees,Pitcher,Yes,American,American East,Yes,Yes,No,650000
Luis O. Rodriguez,Seattle Mariners,Second Baseman,No,American,American West,No,No,No,600000
Luke Gregerson,San Diego Padres,Pitcher,Yes,National,National West,No,No,No,447800
Luke Hochevar,Kansas City Royals,Pitcher,Yes,American,American Central,No,No,No,1760000
Luke Scott,Baltimore Orioles,Outfielder,No,American,American East,No,No,No,6400000
Lyle Overbay,Pittsburgh Pirates,First Baseman,No,National,National Central,No,No,No,5000000
Madison Bumgarner,San Francisco Giants,Pitcher,Yes,National,National West,No,No,No,450000
Magglio Ordonez,Detroit Tigers,Outfielder,No,American,American Central,No,Yes,No,10000000
Maicer Izturis,Los Angeles Angels,Second Baseman,No,American,American West,No,No,No,3266666
Manny Parra,Milwaukee Brewers,Pitcher,Yes,National,National Central,No,Yes,No,1200000
Manny Ramirez,Tampa Bay Rays,Designated Hitter,No,American,American East,No,Yes,No,2020000
Marc Rzepczynski,Toronto Blue Jays,Pitcher,Yes,American,American East,No,No,No,429600
Marco Scutaro,Boston Red Sox,Shortstop,No,American,American East,No,No,No,5500000
Marcos Mateo,Chicago Cubs,Pitcher,Yes,National,National Central,No,No,No,417000
Marcus Thames,Los Angeles Dodgers,Outfielder,No,National,National West,No,No,No,1000000
Mariano Rivera,New York Yankees,Pitcher,Yes,American,American East,Yes,Yes,No,14911700
Mark Buehrle,Chicago White Sox,Pitcher,Yes,American,American Central,No,No,No,14000000
Mark De Rosa,San Francisco Giants,Third Baseman,No,National,National West,No,No,No,6000000
Mark Ellis,Oakland Athletics,Second Baseman,No,American,American West,No,No,No,6000000
Mark Kotsay,Milwaukee Brewers,Outfielder,No,National,National Central,No,Yes,No,800000
Mark Lowe,Texas Rangers,Pitcher,Yes,American,American West,No,Yes,Yes,1200000
Mark Melancon,Houston Astros,Pitcher,Yes,National,National Central,No,No,No,421000
Mark Reynolds,Baltimore Orioles,Third Baseman,No,American,American East,No,No,No,5333333
Mark Teahen,Chicago White Sox,Third Baseman,No,American,American Central,No,No,No,4750000
Mark Teixeira,New York Yankees,First Baseman,No,American,American East,Yes,Yes,No,23125000
Mark Trumbo,Los Angeles Angels,First Baseman,No,American,American West,No,No,No,414000
Marlon Byrd,Chicago Cubs,Outfielder,No,National,National Central,No,No,No,5500000
Martin Prado,Atlanta Braves,Second Baseman,No,National,National East,No,No,No,3100000
Mason Tobin,Texas Rangers,Pitcher,Yes,American,American West,No,Yes,Yes,414000
Mat Latos,San Diego Padres,Pitcher,Yes,National,National West,No,No,No,460700
Matt Albers,Boston Red Sox,Pitcher,Yes,American,American East,No,No,No,875000
Matt Belisle,Colorado Rockies,Pitcher,Yes,National,National West,No,No,No,2350000
Matt Cain,San Francisco Giants,Pitcher,Yes,National,National West,No,No,No,7333333
Matt Capps,Minnesota Twins,Pitcher,Yes,American,American Central,No,No,No,7150000
Matt Diaz,Pittsburgh Pirates,Outfielder,No,National,National Central,No,No,No,2125000
Matt Downs,Houston Astros,Second Baseman,No,National,National Central,No,No,No,421000
Matt E. Young,Atlanta Braves,Second Baseman,No,National,National East,No,No,No,414000
Matt Garza,Chicago Cubs,Pitcher,Yes,National,National Central,No,No,No,5950000
Matt Guerrier,Los Angeles Dodgers,Pitcher,Yes,National,National West,No,No,No,2461499
Matt Harrison,Texas Rangers,Pitcher,Yes,American,American West,No,Yes,Yes,428830
Matt Holliday,St. Louis Cardinals,Outfielder,No,National,National Central,No,Yes,Yes,16317774
Matt Joyce,Tampa Bay Rays,Outfielder,No,American,American East,No,Yes,No,426500
Matt Kemp,Los Angeles Dodgers,Outfielder,No,National,National West,No,No,No,7100000
Matt LaPorta,Cleveland Indians,First Baseman,No,American,American Central,No,No,No,431400
Matt Lindstrom,Colorado Rockies,Pitcher,Yes,National,National West,No,No,No,2800000
Matt Maloney,Cincinnati Reds,Pitcher,Yes,National,National Central,No,No,No,415000
Matt Mangini,Seattle Mariners,Third Baseman,No,American,American West,No,No,No,414500
Matt Reynolds,Colorado Rockies,Pitcher,Yes,National,National West,No,No,No,415000
Matt Stairs,Washington Nationals,Outfielder,No,National,National East,No,No,No,850000
Matt Thornton,Chicago White Sox,Pitcher,Yes,American,American Central,No,No,No,3000000
Matt Tolbert,Minnesota Twins,Second Baseman,No,American,American Central,No,No,No,425000
Matt Treanor,Kansas City Royals,Catcher,No,American,American Central,No,No,No,850000
Matt Wieters,Baltimore Orioles,Catcher,No,American,American East,No,No,No,452250
Mauricio Robles,Seattle Mariners,Pitcher,Yes,American,American West,No,No,No,414000
Max Scherzer,Detroit Tigers,Pitcher,Yes,American,American Central,No,Yes,No,600000
Melky Cabrera,Kansas City Royals,Outfielder,No,American,American Central,No,No,No,1250000
Melvin Mora,Arizona Diamondbacks,Third Baseman,No,National,National West,No,Yes,No,2350000
Michael Bourn,Houston Astros,Outfielder,No,National,National Central,No,No,No,4400000
Michael Brantley,Cleveland Indians,Outfielder,No,American,American Central,No,No,No,421800
Michael Cuddyer,Minnesota Twins,Outfielder,No,American,American Central,No,No,No,10500000
Michael Dunn,Miami Marlins,Pitcher,Yes,National,National East,No,No,No,414000
Michael Kohn,Los Angeles Angels,Pitcher,Yes,American,American West,No,No,No,414000
Michael Martinez,Philadelphia Phillies,Second Baseman,No,National,National East,No,Yes,No,414000
Michael Pineda,Seattle Mariners,Pitcher,Yes,American,American West,No,No,No,414000
Michael Saunders,Seattle Mariners,Outfielder,No,American,American West,No,No,No,420000
Michael Wuertz,Oakland Athletics,Pitcher,Yes,American,American West,No,No,No,2800000
Michael Young,Texas Rangers,Infielder,No,American,American West,No,Yes,Yes,16174974
Miguel Batista,St. Louis Cardinals,Pitcher,Yes,National,National Central,No,Yes,Yes,750000
Miguel Cabrera,Detroit Tigers,First Baseman,No,American,American Central,No,Yes,No,20000000
Miguel Cairo,Cincinnati Reds,Second Baseman,No,National,National Central,No,No,No,1000000
Miguel Montero,Arizona Diamondbacks,Catcher,No,National,National West,No,Yes,No,3200000
Miguel Olivo,Seattle Mariners,Catcher,No,American,American West,No,No,No,2500000
Miguel Tejada,San Francisco Giants,Third Baseman,No,National,National West,No,No,No,6500000
Mike Adams,San Diego Padres,Pitcher,Yes,National,National West,No,No,No,2535000
Mike Aviles,Kansas City Royals,Third Baseman,No,American,American Central,No,No,No,640000
Mike Baxter,San Diego Padres,Outfielder,No,National,National West,No,No,No,414000
Mike Cameron,Boston Red Sox,Outfielder,No,American,American East,No,No,No,7750000
Mike Crotta,Pittsburgh Pirates,Pitcher,Yes,National,National Central,No,No,No,414000
Mike Fontenot,San Francisco Giants,Second Baseman,No,National,National West,No,No,No,1050000
Mike Gonzalez,Baltimore Orioles,Pitcher,Yes,American,American East,No,No,No,6000000
Mike Leake,Cincinnati Reds,Pitcher,Yes,National,National Central,No,No,No,425000
Mike MacDougal,Los Angeles Dodgers,Pitcher,Yes,National,National West,No,No,No,500000
Mike McCoy,Toronto Blue Jays,Second Baseman,No,American,American East,No,No,No,422300
Mike Morse,Washington Nationals,Outfielder,No,National,National East,No,No,No,1050000
Mike Napoli,Texas Rangers,Catcher,No,American,American West,No,Yes,Yes,5800000
Mike Nickeas,New York Mets,Catcher,No,National,National East,No,No,No,414000
Mike Pelfrey,New York Mets,Pitcher,Yes,National,National East,No,No,No,3925000
Mike Stanton,Miami Marlins,Outfielder,No,National,National East,No,No,No,416000
Milton Bradley,Seattle Mariners,Outfielder,No,American,American West,No,No,No,13000000
Mitch Maier,Kansas City Royals,Outfielder,No,American,American Central,No,No,No,459000
Mitch Moreland,Texas Rangers,First Baseman,No,American,American West,No,Yes,Yes,426000
Mitch Stetter,Milwaukee Brewers,Pitcher,Yes,National,National Central,No,Yes,No,427000
Mitch Talbot,Cleveland Indians,Pitcher,Yes,American,American Central,No,No,No,431700
Mitchell Boggs,St. Louis Cardinals,Pitcher,Yes,National,National Central,No,Yes,Yes,431000
Nate Adcock,Kansas City Royals,Pitcher,Yes,American,American Central,No,No,No,414000
Nate McLouth,Atlanta Braves,Outfielder,No,National,National East,No,No,No,7000000
Nate Schierholtz,San Francisco Giants,Outfielder,No,National,National West,No,No,No,432500
Neftali Feliz,Texas Rangers,Pitcher,Yes,American,American West,No,Yes,Yes,457160
Neil Walker,Pittsburgh Pirates,Second Baseman,No,National,National Central,No,No,No,437000
Nelson Cruz,Texas Rangers,Outfielder,No,American,American West,No,Yes,Yes,3650000
Nelson Figueroa,Houston Astros,Pitcher,Yes,National,National Central,No,No,No,900000
Nick Blackburn,Minnesota Twins,Pitcher,Yes,American,American Central,No,No,No,3000000
Nick Hundley,San Diego Padres,Catcher,No,National,National West,No,No,No,439900
Nick Markakis,Baltimore Orioles,Outfielder,No,American,American East,No,No,No,10600000
Nick Masset,Cincinnati Reds,Pitcher,Yes,National,National Central,No,No,No,1725000
Nick Punto,St. Louis Cardinals,Third Baseman,No,National,National Central,No,Yes,Yes,750000
Nick Swisher,New York Yankees,Outfielder,No,American,American East,Yes,Yes,No,9100000
Nyjer Morgan,Milwaukee Brewers,Outfielder,No,National,National Central,No,Yes,No,471500
Octavio Dotel,Toronto Blue Jays,Pitcher,Yes,American,American East,No,No,No,3000000
Omar Beltre,Texas Rangers,Pitcher,Yes,American,American West,No,Yes,Yes,415000
Omar Infante,Miami Marlins,Second Baseman,No,National,National East,No,No,No,2500000
Omar Vizquel,Chicago White Sox,Third Baseman,No,American,American Central,No,No,No,1750000
Orlando Cabrera,Cleveland Indians,Second Baseman,No,American,American Central,No,No,No,1000000
Orlando Hudson,San Diego Padres,Second Baseman,No,National,National West,No,No,No,4000000
Pablo Sandoval,San Francisco Giants,Third Baseman,No,National,National West,No,No,No,500000
Pat Burrell,San Francisco Giants,Outfielder,No,National,National West,No,No,No,1000000
Pat Neshek,San Diego Padres,Pitcher,Yes,National,National West,No,No,No,625000
Paul Janish,Cincinnati Reds,Shortstop,No,National,National Central,No,No,No,437500
Paul Konerko,Chicago White Sox,First Baseman,No,American,American Central,No,No,No,12000000
Paul Maholm,Pittsburgh Pirates,Pitcher,Yes,National,National Central,No,No,No,6250000
Pedro Alvarez,Pittsburgh Pirates,Third Baseman,No,National,National Central,No,No,No,2050000
Pedro Beato,New York Mets,Pitcher,Yes,National,National East,No,No,No,414000
Pedro Feliciano,New York Yankees,Pitcher,Yes,American,American East,Yes,Yes,No,3750000
Pedro Strop,Texas Rangers,Outfielder,No,American,American West,No,Yes,Yes,416000
Pete Orr,Philadelphia Phillies,Second Baseman,No,National,National East,No,Yes,No,600000
Peter Bourjos,Los Angeles Angels,Outfielder,No,American,American West,No,No,No,414000
Peter Moylan,Atlanta Braves,Pitcher,Yes,National,National East,No,No,No,2000000
Phil Coke,Detroit Tigers,Pitcher,Yes,American,American Central,No,Yes,No,440000
Phil Hughes,New York Yankees,Pitcher,Yes,American,American East,Yes,Yes,No,2700000
Philip Humber,Chicago White Sox,Pitcher,Yes,American,American Central,No,No,No,500000
Placido Polanco,Philadelphia Phillies,Third Baseman,No,National,National East,No,Yes,No,5416666
Prince Fielder,Milwaukee Brewers,First Baseman,No,National,National Central,No,Yes,No,15500000
R.A. Dickey,New York Mets,Pitcher,Yes,National,National East,No,No,No,2750000
Rafael Betancourt,Colorado Rockies,Pitcher,Yes,National,National West,No,No,No,3775000
Rafael Furcal,Los Angeles Dodgers,Shortstop,No,National,National West,No,No,No,13000000
Rafael Perez,Cleveland Indians,Pitcher,Yes,American,American Central,No,No,No,1330000
Rafael Soriano,New York Yankees,Pitcher,Yes,American,American East,Yes,Yes,No,10000000
Rajai Davis,Toronto Blue Jays,Outfielder,No,American,American East,No,No,No,2500000
Ramon Castro,Chicago White Sox,Catcher,No,American,American Central,No,No,No,1200000
Ramon Hernandez,Cincinnati Reds,Catcher,No,National,National Central,No,No,No,2947318
Ramon Pena,Chicago White Sox,Pitcher,Yes,American,American Central,No,No,No,1600000
Ramon S. Ramirez,San Francisco Giants,Pitcher,Yes,National,National West,No,No,No,1650000
Ramon Santiago,Detroit Tigers,Shortstop,No,American,American Central,No,Yes,No,1350000
Randy Choate,Miami Marlins,Pitcher,Yes,National,National East,No,No,No,1000000
Randy Wells,Chicago Cubs,Pitcher,Yes,National,National Central,No,No,No,475000
Randy Wolf,Milwaukee Brewers,Pitcher,Yes,National,National Central,No,Yes,No,9500000
Raul Ibanez,Philadelphia Phillies,Outfielder,No,National,National East,No,Yes,No,12166666
Reed Johnson,Chicago Cubs,Outfielder,No,National,National Central,No,No,No,900000
Reegie Corona,New York Yankees,Second Baseman,No,American,American East,Yes,Yes,No,414000
Reggie Willits,Los Angeles Angels,Outfielder,No,American,American West,No,No,No,775000
Reid Brignac,Tampa Bay Rays,Shortstop,No,American,American East,No,Yes,No,425400
Rich Harden,Oakland Athletics,Pitcher,Yes,American,American West,No,No,No,1500000
Rich Thompson,Los Angeles Angels,Pitcher,Yes,American,American West,No,No,No,418000
Rick Ankiel,Washington Nationals,Outfielder,No,National,National East,No,No,No,1500000
Rick Porcello,Detroit Tigers,Pitcher,Yes,American,American Central,No,Yes,No,1536000
Rickie Weeks,Milwaukee Brewers,Second Baseman,No,National,National Central,No,Yes,No,4500000
Ricky Nolasco,Miami Marlins,Pitcher,Yes,National,National East,No,No,No,6000000
Ricky Romero,Toronto Blue Jays,Pitcher,Yes,American,American East,No,No,No,1000000
Rob J. Johnson,San Diego Padres,Catcher,No,National,National West,No,No,No,421700
Robert Andino,Baltimore Orioles,Infielder,No,American,American East,No,No,No,421500
Robert Parnell,New York Mets,Pitcher,Yes,National,National East,No,No,No,433500
Robinson Cano,New York Yankees,Second Baseman,No,American,American East,Yes,Yes,No,10000000
Robinson Tejeda,Kansas City Royals,Pitcher,Yes,American,American Central,No,No,No,1550000
Rod Barajas,Los Angeles Dodgers,Catcher,No,National,National West,No,No,No,3250000
Ronny Cedeno,Pittsburgh Pirates,Shortstop,No,National,National Central,No,No,No,1850000
Ross Gload,Philadelphia Phillies,First Baseman,No,National,National East,No,Yes,No,1600000
Ross Ohlendorf,Pittsburgh Pirates,Pitcher,Yes,National,National Central,No,No,No,2025000
Roy Halladay,Philadelphia Phillies,Pitcher,Yes,National,National East,No,Yes,No,20000000
Roy Oswalt,Philadelphia Phillies,Pitcher,Yes,National,National East,No,Yes,No,16000000
Russell Branyan,Arizona Diamondbacks,First Baseman,No,National,National West,No,Yes,No,1000000
Russell Martin,New York Yankees,Catcher,No,American,American East,Yes,Yes,No,4000000
Ryan Braun,Milwaukee Brewers,Outfielder,No,National,National Central,No,Yes,No,4287500
Ryan Dempster,Chicago Cubs,Pitcher,Yes,National,National Central,No,No,No,13500000
Ryan Doumit,Pittsburgh Pirates,Catcher,No,National,National Central,No,No,No,5200000
Ryan Franklin,St. Louis Cardinals,Pitcher,Yes,National,National Central,No,Yes,Yes,3250000
Ryan Hanigan,Cincinnati Reds,Catcher,No,National,National Central,No,No,No,550000
Ryan Howard,Philadelphia Phillies,First Baseman,No,National,National East,No,Yes,No,20000000
Ryan Langerhans,Seattle Mariners,Outfielder,No,American,American West,No,No,No,525000
Ryan Ludwick,San Diego Padres,Outfielder,No,National,National West,No,No,No,6775000
Ryan Madson,Philadelphia Phillies,Pitcher,Yes,National,National East,No,Yes,No,4833333
Ryan Perry,Detroit Tigers,Pitcher,Yes,American,American Central,No,Yes,No,430000
Ryan Raburn,Detroit Tigers,Outfielder,No,American,American Central,No,Yes,No,1300000
Ryan Roberts,Arizona Diamondbacks,Second Baseman,No,National,National West,No,Yes,No,423500
Ryan Rowland-Smith,Houston Astros,Pitcher,Yes,National,National Central,No,No,No,725000
Ryan Spilborghs,Colorado Rockies,Outfielder,No,National,National West,No,No,No,1950000
Ryan Sweeney,Oakland Athletics,Outfielder,No,American,American West,No,No,No,1400000
Ryan Theriot,St. Louis Cardinals,Shortstop,No,National,National Central,No,Yes,Yes,3300000
Ryan Webb,Miami Marlins,Pitcher,Yes,National,National East,No,No,No,414000
Ryan Zimmerman,Washington Nationals,Third Baseman,No,National,National East,No,No,No,9025000
Sam Fuld,Tampa Bay Rays,Outfielder,No,American,American East,No,Yes,No,418300
Sam Lecure,Cincinnati Reds,Pitcher,Yes,National,National Central,No,No,No,414000
Samuel Deduno,San Diego Padres,Pitcher,Yes,National,National West,No,No,No,414240
Samuel Demel,Arizona Diamondbacks,Pitcher,Yes,National,National West,No,Yes,No,417000
Santiago Casilla,San Francisco Giants,Pitcher,Yes,National,National West,No,No,No,1300000
Scott Baker,Minnesota Twins,Pitcher,Yes,American,American Central,No,No,No,5000000
Scott Cousins,Miami Marlins,Outfielder,No,National,National East,No,No,No,414000
Scott Downs,Los Angeles Angels,Pitcher,Yes,American,American West,No,No,No,5000000
Scott Feldman,Texas Rangers,Pitcher,Yes,American,American West,No,Yes,Yes,4400000
Scott Hairston,New York Mets,Outfielder,No,National,National East,No,No,No,1100000
Scott Kazmir,Los Angeles Angels,Pitcher,Yes,American,American West,No,No,No,12000000
Scott Linebrink,Atlanta Braves,Pitcher,Yes,National,National East,No,No,No,5500000
Scott Olsen,Pittsburgh Pirates,Pitcher,Yes,National,National Central,No,No,No,450000
Scott Rolen,Cincinnati Reds,Third Baseman,No,National,National Central,No,No,No,8166666
Sean Burnett,Washington Nationals,Pitcher,Yes,National,National East,No,No,No,1350000
Sean Green,Milwaukee Brewers,Pitcher,Yes,National,National Central,No,Yes,No,875000
Sean J. Rodriguez,Tampa Bay Rays,Infielder,No,American,American East,No,Yes,No,428600
Sean Marshall,Chicago Cubs,Pitcher,Yes,National,National Central,No,No,No,1600000
Sean O`Sullivan,Kansas City Royals,Pitcher,Yes,American,American Central,No,No,No,420500
Sergio Mitre,Milwaukee Brewers,Pitcher,Yes,National,National Central,No,Yes,No,900000
Sergio Romo,San Francisco Giants,Pitcher,Yes,National,National West,No,No,No,450000
Sergio Santos,Chicago White Sox,Pitcher,Yes,American,American Central,No,No,No,435000
Seth Smith,Colorado Rockies,Outfielder,No,National,National West,No,No,No,429000
Shane Victorino,Philadelphia Phillies,Outfielder,No,National,National East,No,Yes,No,7500000
Shaun Marcum,Milwaukee Brewers,Pitcher,Yes,National,National Central,No,Yes,No,3950000
Shawn Camp,Toronto Blue Jays,Pitcher,Yes,American,American East,No,No,No,2250000
Shawn Kelley,Seattle Mariners,Pitcher,Yes,American,American West,No,No,No,420000
Shelley Duncan,Cleveland Indians,Outfielder,No,American,American Central,No,No,No,500000
Shin-Soo Choo,Cleveland Indians,Outfielder,No,American,American Central,No,No,No,3975000
Skip Schumaker,St. Louis Cardinals,Second Baseman,No,National,National Central,No,Yes,Yes,2750000
Starlin Castro,Chicago Cubs,Shortstop,No,National,National Central,No,No,No,440000
Stephen Drew,Arizona Diamondbacks,Shortstop,No,National,National West,No,Yes,No,4650000
Stephen Strasburg,Washington Nationals,Pitcher,Yes,National,National East,No,No,No,4375000
Steve Pearce,Pittsburgh Pirates,First Baseman,No,National,National Central,No,No,No,427500
Takashi Saito,Milwaukee Brewers,Pitcher,Yes,National,National Central,No,Yes,No,1750000
Taylor Buchholz,New York Mets,Pitcher,Yes,National,National East,No,No,No,600000
Ted Lilly,Los Angeles Dodgers,Pitcher,Yes,National,National West,No,No,No,8166666
Tim Byrdak,New York Mets,Pitcher,Yes,National,National East,No,No,No,900000
Tim Collins,Kansas City Royals,Pitcher,Yes,American,American Central,No,No,No,414000
Tim Hudson,Atlanta Braves,Pitcher,Yes,National,National East,No,No,No,9000000
Tim Lincecum,San Francisco Giants,Pitcher,Yes,National,National West,No,No,No,14000000
Tim Stauffer,San Diego Padres,Pitcher,Yes,National,National West,No,No,No,1075000
Tim Wakefield,Boston Red Sox,Pitcher,Yes,American,American East,No,No,No,2000000
Todd Coffey,Washington Nationals,Pitcher,Yes,National,National East,No,No,No,1350000
Todd Helton,Colorado Rockies,First Baseman,No,National,National West,No,No,No,20275000
Tom Gorzelanny,Washington Nationals,Pitcher,Yes,National,National East,No,No,No,2100000
Tom Wilhelmsen,Seattle Mariners,Pitcher,Yes,American,American West,No,No,No,414000
Tommy Hanson,Atlanta Braves,Pitcher,Yes,National,National East,No,No,No,456500
Tommy Hunter,Texas Rangers,Pitcher,Yes,American,American West,No,Yes,Yes,442160
Tony Gwynn Jr.,Los Angeles Dodgers,Outfielder,No,National,National West,No,No,No,675000
Tony Sipp,Cleveland Indians,Pitcher,Yes,American,American Central,No,No,No,436800
Torii Hunter,Los Angeles Angels,Outfielder,No,American,American West,No,No,No,18500000
Travis Buck,Cleveland Indians,Outfielder,No,American,American Central,No,No,No,625000
Travis Hafner,Cleveland Indians,Designated Hitter,No,American,American Central,No,No,No,13000000
Travis Snider,Toronto Blue Jays,Outfielder,No,American,American East,No,No,No,435800
Travis Wood,Cincinnati Reds,Pitcher,Yes,National,National Central,No,No,No,422500
Trever Miller,St. Louis Cardinals,Pitcher,Yes,National,National Central,No,Yes,Yes,2000000
Trevor Cahill,Oakland Athletics,Pitcher,Yes,American,American West,No,No,No,440000
Trevor Crowe,Cleveland Indians,Outfielder,No,American,American Central,No,No,No,435700
Troy Tulowitzki,Colorado Rockies,Shortstop,No,National,National West,No,No,No,5500000
Tsuyoshi Nishioka,Minnesota Twins,Second Baseman,No,American,American Central,No,No,No,3000000
Ty Wigginton,Colorado Rockies,Third Baseman,No,National,National West,No,No,No,3500000
Tyler Clippard,Washington Nationals,Pitcher,Yes,National,National East,No,No,No,443000
Tyler Colvin,Chicago Cubs,Outfielder,No,National,National Central,No,No,No,440000
Tyler Greene,St. Louis Cardinals,Shortstop,No,National,National Central,No,Yes,Yes,415500
Ubaldo Jimenez,Colorado Rockies,Pitcher,Yes,National,National West,No,No,No,2800000
Vernon Wells,Los Angeles Angels,Outfielder,No,American,American West,No,No,No,26187500
Vicente Padilla,Los Angeles Dodgers,Pitcher,Yes,National,National West,No,No,No,2000000
Victor Martinez,Detroit Tigers,Catcher,No,American,American Central,No,Yes,No,12000000
Vinnie Pestano,Cleveland Indians,Pitcher,Yes,American,American Central,No,No,No,414000
Vladimir Guerrero,Baltimore Orioles,Designated Hitter,No,American,American East,No,No,No,7611455
Wade Davis,Tampa Bay Rays,Pitcher,Yes,American,American East,No,Yes,No,434100
Wandy Rodriguez,Houston Astros,Pitcher,Yes,National,National Central,No,No,No,7500000
Wes Helms,Miami Marlins,Third Baseman,No,National,National East,No,No,No,1000000
Wil Nieves,Milwaukee Brewers,Catcher,No,National,National Central,No,Yes,No,775000
Will Ohman,Chicago White Sox,Pitcher,Yes,American,American Central,No,No,No,1500000
Will Rhymes,Detroit Tigers,Second Baseman,No,American,American Central,No,Yes,No,419000
Will Venable,San Diego Padres,Outfielder,No,National,National West,No,No,No,444400
Willie Bloomquist,Arizona Diamondbacks,Outfielder,No,National,National West,No,Yes,No,900000
Willie Harris,New York Mets,Outfielder,No,National,National East,No,No,No,800000
Wilson Betemit,Kansas City Royals,Third Baseman,No,American,American Central,No,No,No,1000000
Wilson Ramos,Washington Nationals,Catcher,No,National,National East,No,No,No,415000
Wilson Valdez,Philadelphia Phillies,Shortstop,No,National,National East,No,Yes,No,560000
Wilton Lopez,Houston Astros,Pitcher,Yes,National,National Central,No,No,No,442000
Xavier Nady,Arizona Diamondbacks,Outfielder,No,National,National West,No,Yes,No,1750000
Xavier Paul,Los Angeles Dodgers,Outfielder,No,National,National West,No,No,No,419500
Yadier Molina,St. Louis Cardinals,Catcher,No,National,National Central,No,Yes,Yes,5312500
Yorvit Torrealba,Texas Rangers,Catcher,No,American,American West,No,Yes,Yes,3000000
Yovani Gallardo,Milwaukee Brewers,Pitcher,Yes,National,National Central,No,Yes,No,3500000
Yunel Escobar,Toronto Blue Jays,Shortstop,No,American,American East,No,No,No,2900000
Yuniesky Betancourt-Perez,Milwaukee Brewers,Shortstop,No,National,National Central,No,Yes,No,4300000
Zach Braddock,Milwaukee Brewers,Pitcher,Yes,National,National Central,No,Yes,No,424000
Zach Duke,Arizona Diamondbacks,Pitcher,Yes,National,National West,No,Yes,No,3500000
Zack Greinke,Milwaukee Brewers,Pitcher,Yes,National,National Central,No,Yes,No,13500000
